symbol,company,purpose,date
63MOONS,63 moons technologies limited,Financial Results,12-Aug-2024
AAATECH,Aaa Technologies Limited,Financial Results/Other business matters,12-Aug-2024
ACCURACY,Accuracy Shipping Limited,Financial Results,12-Aug-2024
AIAENG,AIA Engineering Limited,Financial Results,12-Aug-2024
ALEMBICLTD,Alembic Limited,Financial Results/Other business matters,12-Aug-2024
ALMONDZ,Almondz Global Securities Limited,Financial Results,12-Aug-2024
AMIORG,Ami Organics Limited,Financial Results,12-Aug-2024
ANSALAPI,Ansal Properties & Infrastructure Limited,Financial Results,12-Aug-2024
ASHIANA,Ashiana Housing Limited,Financial Results,12-Aug-2024
ASHOKAMET,Ashoka Metcast Limited,Financial Results,12-Aug-2024
ASIANENE,Asian Energy Services Limited,Financial Results,12-Aug-2024
ASIANHOTNR,Asian Hotels (North) Limited,Financial Results,12-Aug-2024
ATNINTER,ATN International Limited,Financial Results,12-Aug-2024
AVADHSUGAR,Avadh Sugar & Energy Limited,Financial Results,12-Aug-2024
BAGFILMS,B.A.G Films and Media Limited,Financial Results,12-Aug-2024
BAJAJHIND,Bajaj Hindusthan Sugar Limited,Financial Results,12-Aug-2024
BALPHARMA,Bal Pharma Limited,Financial Results/Other business matters,12-Aug-2024
BALRAMCHIN,Balrampur Chini Mills Limited,Financial Results,12-Aug-2024
BCG,Brightcom Group Limited,Financial Results/Other business matters,12-Aug-2024
BCLIND,Bcl Industries Limited,Financial Results,12-Aug-2024
BCONCEPTS,Brand Concepts Limited,Financial Results,12-Aug-2024
BESTAGRO,Best Agrolife Limited,Financial Results,12-Aug-2024
BGLOBAL,Bharatiya Global Infomedia Limited,Financial Results,12-Aug-2024
BKMINDST,Bkm Industries Limited,Financial Results,12-Aug-2024
BORORENEW,BOROSIL RENEWABLES LIMITED,Financial Results,12-Aug-2024
BORORENEW,BOROSIL RENEWABLES LIMITED,Fund Raising,12-Aug-2024
BPL,BPL Limited,Financial Results,12-Aug-2024
CAMLINFINE,Camlin Fine Sciences Limited,Financial Results,12-Aug-2024
CAMPUS,Campus Activewear Limited,Financial Results,12-Aug-2024
CERA,Cera Sanitaryware Limited,Financial Results,12-Aug-2024
DCXINDIA,DCX Systems Limited,Financial Results,12-Aug-2024
DHANBANK,Dhanlaxmi Bank Limited,Financial Results,12-Aug-2024
DHARMAJ,Dharmaj Crop Guard Limited,Financial Results,12-Aug-2024
DHARSUGAR,Dharani Sugars & Chemicals Limited,Financial Results,12-Aug-2024
DOLLAR,Dollar Industries Limited,Financial Results,12-Aug-2024
DOMS,DOMS Industries Limited,Financial Results,12-Aug-2024
DSSL,Dynacons Systems & Solutions Limited,Financial Results/Dividend/Other business matters,12-Aug-2024
DVL,Dhunseri Ventures Limited,Financial Results,12-Aug-2024
EASTSILK,Eastern Silk Industries Limited,Financial Results,12-Aug-2024
EIFFL,Euro India Fresh Foods Limited,Financial Results/Other business matters,12-Aug-2024
ELDEHSG,Eldeco Housing And Industries Limited,Financial Results,12-Aug-2024
ELGIRUBCO,Elgi Rubber Company Limited,Financial Results/Other business matters,12-Aug-2024
EMMBI,Emmbi Industries Limited,Financial Results,12-Aug-2024
ESTER,Ester Industries Limited,Financial Results/Other business matters,12-Aug-2024
FEDDERELEC,Fedders Electric and Engineering Limited,Financial Results,12-Aug-2024
FIBERWEB,Fiberweb (India) Limited,Financial Results/Other business matters,12-Aug-2024
FOODSIN,Foods & Inns Limited,Financial Results/Other business matters,12-Aug-2024
GALLANTT,Gallantt Ispat Limited,Financial Results/Other business matters,12-Aug-2024
GANDHITUBE,Gandhi Special Tubes Limited,Financial Results,12-Aug-2024
GANESHBE,Ganesh Benzoplast Limited,Financial Results/Other business matters,12-Aug-2024
GBGLOBAL,GB Global Limited,Financial Results/Other business matters,12-Aug-2024
GENSOL,Gensol Engineering Limited,Financial Results/Fund Raising,12-Aug-2024
GIPCL,Gujarat Industries Power Company Limited,Financial Results,12-Aug-2024
GLOBUSSPR,Globus Spirits Limited,Financial Results,12-Aug-2024
GOYALALUM,Goyal Aluminiums Limited,Financial Results,12-Aug-2024
GRMOVER,GRM Overseas Limited,Financial Results,12-Aug-2024
HAPPSTMNDS,Happiest Minds Technologies Limited,Financial Results/Other business matters,12-Aug-2024
HERANBA,Heranba Industries Limited,Financial Results,12-Aug-2024
HERCULES,Hercules Hoists Limited,Financial Results,12-Aug-2024
HILTON,Hilton Metal Forging Limited,Financial Results/Fund Raising,12-Aug-2024
HILTON,Hilton Metal Forging Limited,Financial Results,12-Aug-2024
HINDCOPPER,Hindustan Copper Limited,Financial Results,12-Aug-2024
HINDOILEXP,Hindustan Oil Exploration Company Limited,Financial Results/Other business matters,12-Aug-2024
HITECH,Hi-Tech Pipes Limited,Financial Results,12-Aug-2024
HPAL,HP Adhesives Limited,Financial Results,12-Aug-2024
HUDCO,Housing & Urban Development Corporation Limited,Financial Results,12-Aug-2024
ICDSLTD,ICDS Limited,Financial Results/Other business matters,12-Aug-2024
IDEA,Vodafone Idea Limited,Financial Results,12-Aug-2024
INDOBORAX,Indo Borax & Chemicals Limited,Financial Results/Other business matters,12-Aug-2024
INDSWFTLAB,Ind-Swift Laboratories Limited,Financial Results,12-Aug-2024
INGERRAND,Ingersoll Rand (India) Limited,Financial Results,12-Aug-2024
IRFC,Indian Railway Finance Corporation Limited,Financial Results/Other business matters,12-Aug-2024
ITI,ITI Limited,Financial Results,12-Aug-2024
IVC,IL&FS Investment Managers Limited,Financial Results,12-Aug-2024
IZMO,IZMO Limited,Financial Results/Other business matters,12-Aug-2024
JETFREIGHT,Jet Freight Logistics Limited,Financial Results,12-Aug-2024
JHS,JHS Svendgaard Laboratories Limited,Financial Results,12-Aug-2024
JUBLINDS,Jubilant Industries Limited,Financial Results,12-Aug-2024
JUNIPER,Juniper Hotels Limited,Financial Results/Other business matters,12-Aug-2024
KALYANI,Kalyani Commercials Limited,Financial Results,12-Aug-2024
KALYANI,Kalyani Commercials Limited,Financial Results,12-Aug-2024
KAMATHOTEL,Kamat Hotels (I) Limited,Financial Results,12-Aug-2024
KANANIIND,Kanani Industries Limited,Financial Results/Other business matters,12-Aug-2024
KARMAENG,Karma Energy Limited,Financial Results/Other business matters,12-Aug-2024
KEYFINSERV,Keynote Financial Services Limited,Financial Results/Dividend/Other business matters,12-Aug-2024
KHAICHEM,Khaitan Chemicals & Fertilizers Limited,Financial Results,12-Aug-2024
KHANDSE,Khandwala Securities Limited,Financial Results/Other business matters,12-Aug-2024
KIRIINDUS,Kiri Industries Limited,Financial Results,12-Aug-2024
KRYSTAL,Krystal Integrated Services Limited,Financial Results,12-Aug-2024
KSCL,Kaveri Seed Company Limited,Financial Results,12-Aug-2024
KSERASERA,KSS Limited,Financial Results,12-Aug-2024
LAL,Lorenzini Apparels Limited,Financial Results,12-Aug-2024
LAOPALA,La Opala RG Limited,Financial Results,12-Aug-2024
LCCINFOTEC,LCC Infotech Limited,Financial Results/Other business matters,12-Aug-2024
LINC,Linc Limited,Financial Results,12-Aug-2024
LORDSCHLO,Lords Chloro Alkali Limited,Financial Results,12-Aug-2024
LPDC,Landmark Property Development Company Limited,Financial Results,12-Aug-2024
MANINDS,Man Industries (India) Limited,Financial Results,12-Aug-2024
MANOMAY,Manomay Tex India Limited,Financial Results,12-Aug-2024
MANUGRAPH,Manugraph India Limited,Financial Results/Other business matters,12-Aug-2024
MARINE,Marine Electricals (India) Limited,Financial Results/Dividend,12-Aug-2024
MEDICO,Medico Remedies Limited,Financial Results,12-Aug-2024
MMFL,MM Forgings Limited,Financial Results,12-Aug-2024
MOREPENLAB,Morepen Laboratories Limited,Financial Results,12-Aug-2024
MOREPENLAB,Morepen Laboratories Limited,Financial Results/Dividend,12-Aug-2024
MOTOGENFIN,The Motor & General Finance Limited,Financial Results/Other business matters,12-Aug-2024
MUKTAARTS,Mukta Arts Limited,Financial Results,12-Aug-2024
MUNJALSHOW,Munjal Showa Limited,Financial Results,12-Aug-2024
NAGREEKCAP,Nagreeka Capital & Infrastructure Limited,Financial Results,12-Aug-2024
NAHARCAP,Nahar Capital and Financial Services Limited,Financial Results,12-Aug-2024
NAHARPOLY,Nahar Poly Films Limited,Financial Results/Other business matters,12-Aug-2024
NAHARSPING,Nahar Spinning Mills Limited,Financial Results,12-Aug-2024
NATCOPHARM,Natco Pharma Limited,Financial Results/Dividend,12-Aug-2024
NATIONALUM,National Aluminium Company Limited,Financial Results/Dividend,12-Aug-2024
NAVNETEDUL,Navneet Education Limited,Financial Results,12-Aug-2024
NGLFINE,NGL Fine-Chem Limited,Financial Results,12-Aug-2024
NILASPACES,Nila Spaces Limited,Financial Results,12-Aug-2024
NIRAJISPAT,Niraj Ispat Industries Limited,Financial Results/Other business matters,12-Aug-2024
NMDC,NMDC Limited,Financial Results,12-Aug-2024
NRAIL,N R Agarwal Industries Limited,Financial Results,12-Aug-2024
NRBBEARING,NRB Bearing Limited,Financial Results,12-Aug-2024
NTL,Neueon Towers Limited,Financial Results,12-Aug-2024
OCCL,Oriental Carbon & Chemicals Limited,Financial Results,12-Aug-2024
OILCOUNTUB,Oil Country Tubular Limited,Financial Results/Other business matters,12-Aug-2024
OLECTRA,Olectra Greentech Limited,Financial Results,12-Aug-2024
ORCHPHARMA,Orchid Pharma Limited,Financial Results,12-Aug-2024
ORIENTLTD,Orient Press Limited,Financial Results,12-Aug-2024
ORISSAMINE,The Orissa Minerals Development Company Limited,Financial Results,12-Aug-2024
PANSARI,Pansari Developers Limited,Financial Results,12-Aug-2024
PANSARI,Pansari Developers Limited,Financial Results,12-Aug-2024
PARSVNATH,Parsvnath Developers Limited,Financial Results,12-Aug-2024
PENIND,Pennar Industries Limited,Financial Results/Other business matters,12-Aug-2024
PGIL,Pearl Global Industries Limited,Financial Results,12-Aug-2024
PILANIINVS,Pilani Investment and Industries Corporation Limited,Financial Results/Other business matters,12-Aug-2024
PIONEEREMB,Pioneer Embroideries Limited,Financial Results,12-Aug-2024
PLATIND,Platinum Industries Limited,Financial Results,12-Aug-2024
POWERMECH,Power Mech Projects Limited,Financial Results/Other business matters,12-Aug-2024
PRAKASH,Prakash Industries Limited,Financial Results,12-Aug-2024
PRITI,Priti International Limited,Financial Results,12-Aug-2024
PVP,PVP Ventures Limited,Financial Results/Other business matters,12-Aug-2024
RATEGAIN,Rategain Travel Technologies Limited,Financial Results,12-Aug-2024
RCF,Rashtriya Chemicals and Fertilizers Limited,Financial Results/Other business matters,12-Aug-2024
RELIABLE,Reliable Data Services Limited,Financial Results,12-Aug-2024
RESPONIND,Responsive Industries Limited,Financial Results,12-Aug-2024
RETAIL,JHS Svendgaard Retail Ventures Limited,Financial Results,12-Aug-2024
RGL,Renaissance Global Limited,Financial Results,12-Aug-2024
ROSSELLIND,Rossell India Limited,Financial Results,12-Aug-2024
RPPINFRA,R.P.P. Infra Projects Limited,Financial Results,12-Aug-2024
RTNINDIA,RattanIndia Enterprises Limited,Financial Results,12-Aug-2024
RUBFILA,Rubfila International Limited,Financial Results,12-Aug-2024
RUBYMILLS,The Ruby Mills Limited,Financial Results,12-Aug-2024
RVHL,Ravinder Heights Limited,Financial Results,12-Aug-2024
SADBHIN,Sadbhav Infrastructure Project Limited,Fund Raising/Other business matters,12-Aug-2024
SADBHIN,Sadbhav Infrastructure Project Limited,Financial Results/Other business matters,12-Aug-2024
SALONA,Salona Cotspin Limited,Financial Results,12-Aug-2024
SAMBHAAV,Sambhaav Media Limited,Financial Results,12-Aug-2024
SAMPANN,Sampann Utpadan India Limited,Financial Results,12-Aug-2024
SANGAMIND,Sangam (India) Limited,Financial Results,12-Aug-2024
SANWARIA,Sanwaria Consumer Limited,Financial Results,12-Aug-2024
SCHAND,S Chand And Company Limited,Financial Results/Other business matters,12-Aug-2024
SEJALLTD,Sejal Glass Limited,Financial Results/Other business matters,12-Aug-2024
SENCO,Senco Gold Limited,Financial Results,12-Aug-2024
SHIVAMAUTO,Shivam Autotech Limited,Financial Results,12-Aug-2024
SHYAMTEL,Shyam Telecom Limited,Financial Results,12-Aug-2024
SIL,Standard Industries Limited,Financial Results,12-Aug-2024
SILVERTUC,Silver Touch Technologies Limited,Financial Results/Dividend/Other business matters,12-Aug-2024
SINTERCOM,Sintercom India Limited,Financial Results/Other business matters,12-Aug-2024
SJVN,SJVN Limited,Financial Results,12-Aug-2024
SOUTHWEST,South West Pinnacle Exploration Limited,Financial Results/Other business matters,12-Aug-2024
SPMLINFRA,SPML Infra Limited,Financial Results,12-Aug-2024
SUBROS,Subros Limited,Financial Results,12-Aug-2024
SUMIT,Sumit Woods Limited,Financial Results,12-Aug-2024
SUNDARAM,Sundaram Multi Pap Limited,Financial Results,12-Aug-2024
SUNFLAG,Sunflag Iron And Steel Company Limited,Financial Results/Other business matters,12-Aug-2024
SUNTECK,Sunteck Realty Limited,Financial Results/Other business matters,12-Aug-2024
SUNTECK,Sunteck Realty Limited,Financial Results/Other business matters,12-Aug-2024
SWELECTES,Swelect Energy Systems Limited,Financial Results/Other business matters,12-Aug-2024
SYNCOMF,Syncom Formulations (India) Limited,Financial Results/Other business matters,12-Aug-2024
TARC,TARC Limited,Financial Results/Other business matters,12-Aug-2024
TEMBO,Tembo Global Industries Limited,Financial Results,12-Aug-2024
THOMASCOTT,Thomas Scott (India) Limited,Financial Results/Other business matters,12-Aug-2024
TI,Tilaknagar Industries Limited,Financial Results/Other business matters,12-Aug-2024
TIMETECHNO,Time Technoplast Limited,Financial Results/Other business matters,12-Aug-2024
TOTAL,Total Transport Systems Limited,Financial Results/Dividend,12-Aug-2024
TOUCHWOOD,Touchwood Entertainment Limited,Financial Results,12-Aug-2024
UFLEX,UFLEX Limited,Financial Results,12-Aug-2024
UNIVCABLES,Universal Cables Limited,Financial Results,12-Aug-2024
USHAMART,Usha Martin Limited,Financial Results,12-Aug-2024
VAKRANGEE,Vakrangee Limited,Financial Results/Dividend,12-Aug-2024
VALIANTLAB,Valiant Laboratories Limited,Financial Results/Other business matters,12-Aug-2024
VINDHYATEL,Vindhya Telelinks Limited,Financial Results,12-Aug-2024
VISAKAIND,Visaka Industries Limited,Financial Results,12-Aug-2024
VISESHINFO,Visesh Infotecnics Limited,Financial Results,12-Aug-2024
WANBURY,Wanbury Limited,Financial Results,12-Aug-2024
WEIZMANIND,Weizmann Limited,Financial Results,12-Aug-2024
WEL,Wonder Electricals Limited,Financial Results/Dividend,12-Aug-2024
WIPL,The Western India Plywoods Limited,Financial Results,12-Aug-2024
XELPMOC,Xelpmoc Design And Tech Limited,Financial Results,12-Aug-2024
YATRA,Yatra Online Limited,Financial Results,12-Aug-2024
ZENITHEXPO,Zenith Exports Limited,Financial Results,12-Aug-2024
